Time,l_per,l_abs,b_per,b_abs
1776795743,7.6,1806,4.6,843
1776795746,7.6,1806,4.6,844
1776795748,7.6,1806,4.6,844
1776795750,7.6,1806,4.6,844
1776795751,7.6,1806,4.6,844
1776795752,7.6,1806,4.6,844
1776795753,7.6,1806,4.6,844
1776795755,7.6,1806,4.6,844
1776795757,7.6,1806,4.6,844
1776795758,7.6,1806,4.6,844
1776795759,16.3,3878,9.8,1817
1776795761,18.6,4415,11.0,2037
1776795762,18.6,4436,11.1,2051
1776795762,18.9,4494,11.2,2071
1776795763,18.9,4494,11.2,2071
1776795763,18.9,4494,11.2,2071
1776795764,18.9,4495,11.2,2073
1776795764,19.5,4643,11.6,2150
1776795766,21.5,5115,12.8,2377
1776795767,21.5,5115,12.8,2377
1776795767,21.5,5115,12.8,2377
1776795768,21.5,5115,12.8,2377
1776795768,21.5,5115,12.8,2377
1776795771,22.3,5323,13.5,2500
1776795771,22.3,5323,13.5,2500
1776795771,22.3,5323,13.5,2500
1776795772,22.3,5326,13.5,2501
1776795772,22.3,5326,13.5,2501
1776795772,22.4,5347,13.6,2512
1776795773,22.4,5347,13.6,2512
1776795773,22.4,5347,13.6,2512
1776795773,22.4,5347,13.6,2516
1776795774,22.4,5347,13.6,2516
1776795774,22.4,5347,13.6,2516
1776795775,22.4,5347,13.6,2516
1776795775,22.4,5347,13.6,2516
1776795777,22.4,5347,13.6,2516
1776795778,22.4,5347,13.6,2516
1776795778,22.4,5347,13.6,2516
1776795779,22.4,5347,13.6,2516
1776795779,22.4,5347,13.6,2516
1776795782,22.4,5347,13.6,2516
1776795782,22.4,5347,13.6,2516
1776795783,22.4,5347,13.6,2516
1776795783,22.4,5347,13.6,2516
1776795784,22.4,5347,13.6,2516
1776795784,22.4,5347,13.6,2516
1776795784,22.4,5347,13.6,2516
1776795785,22.4,5347,13.6,2516
1776795785,22.4,5347,13.6,2516
1776795785,22.4,5347,13.6,2516
1776795786,22.4,5347,13.6,2516
1776795786,22.4,5347,13.6,2516
1776795788,22.4,5347,13.6,2524
1776795789,22.4,5347,13.6,2525
1776795790,22.4,5347,13.6,2525
1776795790,22.4,5347,13.6,2525
1776795790,22.4,5347,13.6,2525
1776795791,22.4,5347,13.6,2525
1776795791,22.4,5347,13.6,2525
1776795792,22.4,5347,13.6,2525
1776795793,23.0,5480,13.8,2563
1776795794,23.0,5480,13.8,2563
1776795794,23.0,5480,13.8,2563
1776795794,23.0,5480,13.8,2563
1776795795,23.0,5480,13.8,2563
1776795795,23.0,5480,13.8,2563
1776795743,23.0,5480,13.8,2563
1776795746,23.0,5480,13.8,2563
1776795748,23.0,5480,13.8,2563
1776795750,23.0,5480,13.8,2563
1776795751,23.0,5480,13.8,2563
1776795752,23.0,5480,13.8,2563
1776795753,23.0,5480,13.8,2563
1776795755,23.0,5483,13.9,2567
1776795757,23.0,5483,13.9,2567
1776795758,23.0,5483,13.9,2567
1776795759,23.0,5483,13.9,2567
1776795761,23.0,5483,13.9,2567
1776795762,23.0,5483,13.9,2567
1776795762,23.0,5483,13.9,2567
1776795763,23.0,5483,13.9,2567
1776795763,23.0,5483,13.9,2567
1776795764,23.0,5483,13.9,2567
1776795764,23.0,5483,13.9,2567
1776795766,23.0,5483,13.9,2567
1776795767,23.0,5483,13.9,2567
1776795767,23.0,5483,13.9,2567
1776795768,23.0,5483,13.9,2567
1776795768,23.0,5483,13.9,2567
1776795771,23.0,5483,13.9,2567
1776795771,23.0,5483,13.9,2567
1776795771,23.0,5483,13.9,2567
1776795772,23.0,5483,13.9,2567
1776795772,23.0,5483,13.9,2567
1776795772,23.0,5483,13.9,2567
1776795773,23.0,5483,13.9,2567
1776795773,23.0,5483,13.9,2567
1776795773,23.0,5483,13.9,2567
1776795774,23.0,5483,13.9,2567
1776795774,23.0,5483,13.9,2567
1776795775,23.0,5483,13.9,2567
1776795775,23.0,5483,13.9,2567
1776795777,23.0,5483,13.9,2567
1776795778,23.0,5483,13.9,2567
1776795778,23.0,5483,13.9,2567
1776795779,23.0,5483,13.9,2567
1776795779,23.0,5483,13.9,2567
1776795782,23.0,5483,13.9,2567
1776795782,23.0,5483,13.9,2567
1776795783,23.0,5483,13.9,2567
1776795783,23.0,5483,13.9,2567
1776795784,23.0,5483,13.9,2567
1776795784,23.0,5483,13.9,2567
1776795784,23.0,5483,13.9,2567
1776795785,23.0,5483,13.9,2567
1776795785,23.0,5483,13.9,2567
1776795785,23.0,5483,13.9,2567
1776795786,23.0,5483,13.9,2567
1776795786,23.0,5483,13.9,2567
1776795788,23.0,5483,13.9,2567
1776795789,23.0,5483,13.9,2567
1776795790,23.0,5483,13.9,2567
1776795790,23.0,5483,13.9,2567
1776795790,23.0,5483,13.9,2567
1776795791,23.0,5483,13.9,2567
1776795791,23.0,5483,13.9,2567
1776795792,23.0,5483,13.9,2567
1776795793,23.0,5483,13.9,2567
1776795794,23.0,5483,13.9,2567
1776795794,23.0,5483,13.9,2567
1776795794,23.0,5483,13.9,2567
1776795795,23.0,5483,13.9,2567
1776795795,23.0,5483,13.9,2567
1776795799,23.0,5483,13.9,2567
1776795800,23.0,5483,13.9,2571
1776795801,23.0,5488,13.9,2577
1776795801,23.0,5488,13.9,2578
1776795802,23.0,5490,13.9,2580
1776795802,23.0,5490,13.9,2583
1776795803,23.0,5490,13.9,2583
1776795803,23.0,5490,13.9,2583
1776795804,23.0,5490,14.0,2584
1776795805,23.0,5490,14.0,2584
1776795805,23.0,5490,14.0,2584
1776795806,23.0,5490,14.0,2584
1776795806,23.0,5490,14.0,2584
1776795807,23.0,5490,14.0,2584
1776795808,23.0,5490,14.0,2585
1776795808,23.0,5490,14.0,2585
1776795809,23.0,5490,14.0,2585
1776795810,23.0,5490,14.0,2585
1776795810,23.0,5490,14.0,2586
1776795811,23.0,5490,14.0,2586
1776795812,23.0,5490,14.0,2586
1776795813,23.0,5490,14.0,2586
1776795813,23.0,5490,14.0,2586
1776795814,23.0,5490,14.0,2586
1776795814,23.0,5490,14.0,2586
1776795815,23.0,5490,14.0,2587
1776795815,23.0,5490,14.0,2587
1776795816,23.0,5490,14.0,2587
1776795816,23.0,5490,14.0,2588
1776795817,23.0,5490,14.0,2588
1776795818,23.0,5490,14.0,2588
1776795818,23.0,5490,14.0,2588
1776795819,23.0,5490,14.0,2588
1776795819,23.0,5490,14.0,2588
1776795820,23.0,5490,14.0,2588
1776795820,23.0,5490,14.0,2588
1776795821,23.0,5490,14.0,2588
1776795822,23.0,5490,14.0,2588
1776795824,23.0,5490,14.0,2588
1776795825,23.0,5490,14.0,2588
1776795826,23.0,5490,14.0,2588
1776795827,23.0,5490,14.0,2588
1776795827,23.0,5490,14.0,2588
1776795828,23.0,5490,14.0,2588
1776795829,23.0,5490,14.0,2588
1776795830,23.0,5490,14.0,2588
1776795831,23.0,5490,14.0,2588
1776795835,23.0,5490,14.0,2588
1776795835,23.0,5490,14.0,2588
1776795836,23.0,5493,14.0,2591
1776795837,23.0,5493,14.0,2591
1776795838,23.0,5493,14.0,2591
1776795839,23.0,5493,14.0,2591
1776795839,23.0,5493,14.0,2591
1776795840,23.0,5493,14.0,2591
1776795841,23.1,5506,14.0,2596
1776795841,23.1,5506,14.0,2596
1776795842,23.1,5506,14.0,2597
1776795842,23.1,5506,14.0,2597
1776795843,23.1,5506,14.0,2597
1776795844,23.1,5507,14.0,2601
1776795845,23.1,5507,14.0,2602
1776795846,23.1,5507,14.0,2602
1776795847,23.1,5507,14.0,2602
1776795848,23.1,5507,14.0,2602
1776795849,23.1,5507,14.0,2602
1776795850,23.1,5507,14.0,2602
1776795851,23.1,5507,14.0,2602
1776795853,23.1,5508,14.1,2605
1776795853,23.1,5508,14.1,2605
1776795854,23.1,5508,14.1,2605
1776795855,23.1,5508,14.1,2605
1776795856,23.1,5508,14.1,2605
1776795856,23.1,5508,14.1,2605
1776795857,23.1,5509,14.1,2606
1776795859,23.1,5509,14.1,2606
1776795859,23.1,5509,14.1,2606
1776795860,23.1,5509,14.1,2606
1776795861,23.1,5510,14.1,2607
1776795862,23.1,5510,14.1,2607
1776795862,23.1,5510,14.1,2607
1776795863,23.1,5510,14.1,2607
1776795864,23.1,5510,14.1,2607
1776795865,23.1,5510,14.1,2607
1776795866,23.1,5510,14.1,2607
1776795867,23.1,5510,14.1,2607
1776795867,23.1,5510,14.1,2609
1776795868,23.1,5510,14.1,2609
1776795869,23.1,5510,14.1,2609
1776795870,23.1,5510,14.1,2609
1776795871,23.1,5510,14.1,2609
1776795871,23.1,5510,14.1,2609
1776795872,23.1,5510,14.1,2610
1776795873,23.1,5510,14.1,2610
1776795874,23.1,5510,14.1,2610
1776795875,23.1,5510,14.1,2610
1776795876,23.1,5510,14.1,2610
1776795877,23.1,5510,14.1,2610
1776795878,23.1,5510,14.1,2610
1776795879,23.1,5510,14.1,2610
1776795880,23.1,5510,14.1,2610
1776795882,23.1,5510,14.1,2610
1776795883,23.1,5510,14.1,2610
1776795885,23.1,5510,14.1,2610
1776795885,23.1,5510,14.1,2613
1776795886,23.1,5510,14.1,2613
1776795887,23.1,5510,14.1,2613
1776795888,23.1,5511,14.1,2614
1776795889,23.1,5511,14.1,2614
1776795890,23.1,5511,14.1,2614
1776795892,23.1,5511,14.1,2614
1776795895,23.1,5511,14.1,2614
1776795896,23.1,5511,14.1,2614
1776795901,23.1,5511,14.1,2615
1776795901,23.1,5511,14.1,2615
1776795902,23.1,5511,14.1,2615
1776795903,23.1,5511,14.1,2615
1776795904,23.1,5511,14.1,2615
1776795905,23.1,5511,14.1,2615
1776795906,23.1,5511,14.1,2615
1776795908,23.1,5511,14.1,2615
1776795909,23.1,5511,14.1,2615
1776795910,23.1,5511,14.1,2615
1776795910,23.1,5511,14.1,2615
1776795911,23.1,5511,14.1,2615
1776795915,23.1,5511,14.1,2616
1776795915,23.1,5511,14.1,2616
1776795916,23.1,5511,14.1,2616
1776795917,23.1,5511,14.1,2616
1776795919,23.1,5513,14.2,2621
1776795920,23.1,5513,14.2,2622
1776795920,23.1,5513,14.2,2622
1776795921,23.1,5513,14.2,2622
1776795923,23.1,5513,14.2,2622
1776795950,23.1,5513,14.2,2623
1776795953,23.1,5514,14.2,2625
1776795967,23.1,5514,14.2,2625
1776795968,23.1,5514,14.2,2625
1776795970,23.1,5514,14.2,2625
1776795971,23.1,5514,14.2,2625
1776795973,23.1,5514,14.2,2625
1776795976,23.1,5514,14.2,2625
1776795977,23.1,5514,14.2,2625
1776795978,23.1,5514,14.2,2625
1776795980,23.1,5514,14.2,2625
1776795981,23.1,5514,14.2,2625
1776795983,23.1,5514,14.2,2625
1776795984,23.1,5514,14.2,2625
1776795986,23.1,5514,14.2,2625
1776795987,23.1,5514,14.2,2625
1776795989,23.1,5514,14.2,2625
1776795992,23.1,5514,14.2,2625
1776795993,23.1,5514,14.2,2625
1776795993,23.1,5514,14.2,2625
1776795996,23.1,5514,14.2,2625
1776795997,23.1,5514,14.2,2625
1776796001,23.1,5514,14.2,2625
1776796004,23.1,5514,14.2,2625
1776796007,23.1,5514,14.2,2625
1776796010,23.1,5514,14.2,2625
1776796012,23.1,5514,14.2,2625
1776796013,23.1,5514,14.2,2625
1776796017,23.1,5514,14.2,2625
1776796018,23.1,5514,14.2,2625
1776796018,23.1,5514,14.2,2625
1776796021,23.1,5514,14.2,2625
1776796023,23.1,5521,14.2,2629
1776796025,23.1,5521,14.2,2630
1776796030,23.1,5521,14.2,2630
1776796034,23.1,5523,14.2,2631
1776796036,23.1,5523,14.2,2631
1776796040,23.1,5523,14.2,2631
1776796045,23.1,5523,14.2,2631
1776796047,23.1,5523,14.2,2631
1776796051,23.1,5523,14.2,2631
1776796051,23.1,5523,14.2,2631
1776796053,23.1,5523,14.2,2631
1776796054,23.1,5523,14.2,2631
1776796056,23.1,5523,14.2,2631
1776796074,23.2,5527,14.2,2638
1776796076,23.2,5527,14.2,2638
1776796085,23.2,5529,14.3,2649
1776796086,23.2,5529,14.3,2649
1776796087,23.2,5529,14.3,2649
1776796088,23.2,5529,14.3,2649
1776796089,23.2,5532,14.3,2650
1776796091,23.2,5532,14.3,2650
1776796092,23.3,5560,14.4,2664
1776796093,23.3,5560,14.4,2664
1776796093,23.3,5560,14.4,2665
1776796094,23.3,5560,14.4,2665
1776796095,23.3,5560,14.4,2665
1776796096,23.3,5560,14.4,2665
1776796106,23.3,5560,14.4,2665
1776796106,23.4,5587,14.5,2688
1776796108,23.4,5588,14.5,2691
1776796109,23.4,5588,14.5,2691
1776796110,23.4,5588,14.5,2691
1776796114,23.4,5588,14.5,2691
1776796115,23.4,5588,14.5,2691
1776796115,23.4,5588,14.5,2691
1776796117,23.4,5588,14.5,2691
1776796117,23.4,5588,14.5,2691
1776796118,23.4,5588,14.5,2694
1776796120,23.4,5589,14.6,2697
1776796121,23.4,5589,14.6,2697
1776796122,23.4,5589,14.6,2697
1776796123,23.4,5589,14.6,2697
1776796124,23.4,5589,14.6,2697
1776796126,23.4,5589,14.6,2697
1776796162,23.4,5589,14.6,2697
1776796163,23.4,5590,14.6,2698
1776796165,23.4,5590,14.6,2698
1776796167,23.4,5590,14.6,2698
1776796169,23.4,5590,14.6,2698
1776796172,23.4,5590,14.6,2698
1776796174,23.4,5590,14.6,2700
1776796175,23.4,5590,14.6,2700
1776796180,23.4,5590,14.6,2700
1776796182,23.4,5590,14.6,2700
1776796183,23.4,5590,14.6,2700
1776796186,23.4,5590,14.6,2700
1776796187,23.4,5590,14.6,2700
1776796188,23.4,5592,14.6,2701
1776796189,23.4,5592,14.6,2702
1776796190,23.4,5592,14.6,2702
1776796192,23.4,5592,14.6,2702
1776796194,23.4,5594,14.6,2704
1776796195,23.4,5594,14.6,2704
1776796199,23.5,5599,14.6,2712
1776796200,23.5,5599,14.6,2712
1776796202,23.5,5599,14.7,2716
1776796213,23.5,5599,14.7,2716
1776796214,23.5,5599,14.7,2716
1776796216,23.5,5599,14.7,2717
1776796217,23.5,5599,14.7,2717
1776796219,23.5,5599,14.7,2717
1776796221,23.5,5599,14.7,2717
1776796222,23.5,5599,14.7,2717
1776796224,23.5,5599,14.7,2717
1776796225,23.5,5599,14.7,2717
1776796227,23.5,5599,14.7,2717
1776796228,23.5,5599,14.7,2717
1776796232,23.5,5599,14.7,2717
1776796233,23.5,5599,14.7,2717
1776796236,23.5,5599,14.7,2717
1776796239,23.5,5599,14.7,2719
1776796289,23.5,5599,14.7,2719
1776796291,23.5,5599,14.7,2719
1776796293,23.5,5599,14.7,2719
1776796295,23.5,5599,14.7,2719
1776796297,23.5,5599,14.7,2719
1776796298,23.5,5599,14.7,2719
1776796313,23.5,5599,14.7,2719
1776796315,23.5,5599,14.7,2719
1776796380,23.5,5599,14.7,2720
1776796384,23.5,5599,14.7,2720
1776796387,23.5,5599,14.7,2720
1776796391,23.5,5599,14.7,2720
1776796413,23.5,5599,14.7,2720
1776796462,23.5,5599,14.7,2720
1776796464,23.5,5599,14.7,2720
1776796477,23.5,5599,14.7,2720
1776796483,23.5,5599,14.7,2720
1776796488,23.5,5599,14.7,2720
1776796499,23.5,5605,14.7,2723
1776796554,23.5,5605,14.7,2723
1776796555,23.5,5605,14.7,2723
1776796557,23.5,5605,14.7,2723
1776796562,23.5,5605,14.7,2723
1776796596,23.5,5605,14.7,2723
1776796643,23.5,5605,14.7,2723
1776796653,23.5,5605,14.7,2723
1776796656,23.5,5605,14.7,2723
1776796660,23.5,5605,14.7,2723
1776796661,23.5,5605,14.7,2724
1776796667,23.5,5608,14.7,2728
1776796672,23.5,5608,14.7,2730
1776796674,23.5,5608,14.7,2730
1776796674,23.5,5608,14.7,2730
1776796675,23.5,5608,14.7,2730
1776796678,23.5,5608,14.7,2730
1776796679,23.5,5608,14.7,2730
1776796681,23.5,5608,14.7,2731
1776796682,23.5,5608,14.7,2731
1776796684,23.5,5608,14.7,2731
1776796690,23.5,5608,14.7,2731
1776796692,23.5,5608,14.7,2731
1776796693,23.5,5608,14.7,2731
1776796695,23.5,5608,14.7,2731
1776796697,23.5,5608,14.7,2731
1776796702,23.5,5608,14.8,2732
1776796734,23.5,5608,14.8,2732
1776796735,23.5,5610,14.8,2736
1776796737,23.5,5610,14.8,2736
1776796740,23.5,5610,14.8,2736
1776796760,23.5,5610,14.8,2736
1776796765,23.5,5610,14.8,2736
1776796769,23.5,5610,14.8,2736
1776796770,23.5,5610,14.8,2738
1776796772,23.5,5610,14.8,2738
1776796796,23.5,5610,14.8,2738
1776796800,23.5,5610,14.8,2738
1776796802,23.5,5613,14.8,2741
1776796804,23.5,5613,14.8,2741
1776796808,23.5,5613,14.8,2741
1776796810,23.5,5613,14.8,2741
1776796814,23.6,5625,14.8,2748
1776796816,23.6,5625,14.8,2748
1776796858,23.6,5625,14.8,2748
1776796860,23.6,5625,14.8,2748
1776796890,23.6,5625,14.8,2748
1776796897,23.6,5625,14.8,2748
1776796923,23.6,5625,14.8,2748
1776796926,23.6,5625,14.8,2748
1776796928,23.6,5625,14.8,2748
1776796974,23.6,5625,14.8,2748
1776797014,23.6,5625,14.8,2748
1776797025,23.6,5625,14.8,2748
1776797028,23.6,5625,14.8,2748
1776797036,23.6,5625,14.8,2748
1776797039,23.6,5625,14.8,2748
1776797042,23.6,5625,14.8,2748
1776797052,23.6,5625,14.8,2748
1776797079,23.6,5625,14.8,2748
1776797099,23.6,5625,14.8,2748
1776797126,23.6,5625,14.8,2748
1776797151,23.6,5625,14.8,2748
1776797155,23.6,5625,14.8,2748
1776797160,23.6,5627,14.8,2750
1776797161,23.6,5627,14.8,2750
1776797163,23.6,5627,14.8,2750
1776797165,23.6,5627,14.8,2750
1776797198,23.6,5627,14.8,2750
1776797214,23.6,5627,14.8,2750
1776797215,23.6,5627,14.8,2750
1776797217,23.6,5627,14.8,2750
1776797223,23.6,5627,14.8,2750
1776797231,23.6,5627,14.8,2750
1776797241,23.6,5627,14.8,2750
1776797281,23.6,5627,14.8,2750
1776797281,23.6,5627,14.8,2750
1776797285,23.6,5627,14.8,2750
1776797316,23.6,5627,14.8,2750
1776797317,23.6,5627,14.8,2750
1776797320,23.6,5627,14.8,2750
1776797326,23.6,5627,14.8,2750
1776797352,23.6,5627,14.8,2750
1776797368,23.6,5627,14.8,2750
1776797376,23.6,5627,14.8,2750
1776797382,23.6,5627,14.8,2750
1776797401,23.6,5627,14.8,2750
1776797411,23.6,5627,14.9,2752
1776797433,23.6,5627,14.9,2752
1776797450,23.6,5627,14.9,2752
1776797452,23.6,5627,14.9,2752
1776797453,23.6,5627,14.9,2752
1776797454,23.6,5627,14.9,2752
1776797455,23.6,5627,14.9,2752
1776797457,23.6,5627,14.9,2752
1776797460,23.6,5627,14.9,2752
1776797463,23.6,5627,14.9,2752
1776797520,23.6,5627,14.9,2752
1776797546,23.6,5627,14.9,2752
1776797560,23.6,5627,14.9,2752
1776797562,23.6,5627,14.9,2752
1776797572,23.6,5627,14.9,2752
1776797575,23.6,5627,14.9,2752
1776797575,23.6,5627,14.9,2753
1776797577,23.6,5627,14.9,2753
1776797587,23.6,5627,14.9,2753
1776797602,23.6,5627,14.9,2753
1776797644,23.6,5627,14.9,2753
1776797646,23.6,5627,14.9,2754
1776797653,23.6,5627,14.9,2754
1776797655,23.6,5627,14.9,2754
1776797657,23.6,5627,14.9,2754
1776797696,23.6,5627,14.9,2754
1776797716,23.6,5627,14.9,2754
1776797742,23.6,5641,14.9,2758
1776797743,23.6,5641,14.9,2758
1776797747,23.6,5641,14.9,2758
1776797749,23.6,5641,14.9,2758
1776797752,23.6,5641,14.9,2758
1776797790,23.6,5641,14.9,2758
1776797796,23.6,5641,14.9,2759
1776797798,23.7,5654,14.9,2765
1776797833,23.7,5654,14.9,2765
1776797952,23.7,5654,14.9,2765
1776797953,23.7,5654,14.9,2765
1776797996,23.7,5654,14.9,2765
1776798000,23.7,5654,14.9,2765
1776798031,23.7,5654,14.9,2765
1776798078,23.7,5654,14.9,2767
1776798079,23.7,5654,14.9,2767
1776798099,23.7,5654,14.9,2767
1776798114,23.7,5654,14.9,2768
1776798149,23.7,5654,14.9,2768
1776798153,23.7,5654,14.9,2768
1776798163,23.7,5654,14.9,2768
1776798195,23.7,5654,14.9,2768
1776798198,23.7,5654,14.9,2768
1776798205,23.7,5654,14.9,2768
1776798206,23.7,5654,14.9,2768
1776798207,23.7,5654,14.9,2768
1776798209,23.7,5654,14.9,2768
1776798212,23.7,5654,14.9,2768
1776798220,23.7,5654,14.9,2768
1776798225,23.7,5654,14.9,2768
1776798226,23.7,5654,14.9,2768
1776798230,23.7,5654,14.9,2768
1776798233,23.7,5654,14.9,2768
1776798259,23.7,5654,14.9,2768
1776798270,23.7,5654,14.9,2768
1776798281,23.7,5654,14.9,2768
1776798282,23.7,5654,14.9,2768
1776798296,23.7,5654,14.9,2768
1776798302,23.7,5654,15.0,2769
1776798303,23.7,5654,15.0,2770
1776798306,23.7,5654,15.0,2770
1776798324,23.7,5654,15.0,2770
1776798326,23.7,5654,15.0,2770
1776798328,23.7,5654,15.0,2770
1776798329,23.7,5654,15.0,2770
1776798331,23.7,5654,15.0,2770
1776798333,23.7,5654,15.0,2771
1776798336,23.7,5654,15.0,2771
1776798338,23.7,5654,15.0,2771
1776798348,23.7,5654,15.0,2771
1776798350,23.7,5654,15.0,2771
1776798352,23.7,5654,15.0,2771
1776798357,24.0,5732,15.1,2796
1776798361,24.0,5732,15.1,2796
1776798362,24.0,5732,15.1,2796
1776798364,24.0,5732,15.1,2796
1776798366,24.0,5732,15.1,2796
1776798374,24.0,5732,15.1,2796
1776798376,24.0,5732,15.1,2796
1776798383,24.0,5732,15.1,2796
1776798411,24.0,5732,15.1,2796
1776798424,24.0,5732,15.1,2796
1776798435,24.0,5732,15.1,2796
1776798443,24.0,5732,15.1,2796
1776798444,24.0,5732,15.1,2796
1776798486,24.0,5732,15.1,2796
1776798498,24.0,5732,15.1,2796
1776798502,24.0,5732,15.1,2796
1776798504,24.0,5732,15.1,2796
1776798504,24.0,5732,15.1,2796
1776798506,24.0,5732,15.1,2796
1776798515,24.0,5732,15.1,2797
1776798516,24.0,5732,15.1,2797
1776798521,24.0,5732,15.1,2797
1776798533,24.0,5732,15.1,2797
1776798545,24.0,5732,15.1,2797
1776798555,24.0,5732,15.1,2797
1776798581,24.0,5732,15.1,2797
1776798584,24.0,5732,15.1,2797
1776798594,24.0,5732,15.1,2797
1776798643,24.0,5732,15.1,2797
1776798645,24.0,5732,15.1,2797
1776798679,24.0,5732,15.1,2797
1776798681,24.0,5732,15.1,2797
1776798696,24.0,5732,15.1,2797
1776798697,24.0,5732,15.1,2797
1776798698,24.0,5732,15.1,2797
1776798699,24.0,5732,15.1,2797
1776798701,24.0,5732,15.1,2797
1776798702,24.0,5732,15.1,2797
1776798704,24.0,5732,15.1,2797
1776798705,24.0,5732,15.1,2799
1776798707,24.0,5732,15.1,2799
1776798709,24.0,5732,15.1,2799
1776798716,24.0,5732,15.1,2799
1776798728,24.0,5732,15.1,2799
1776798742,24.0,5732,15.1,2799
1776798748,24.0,5732,15.1,2799
1776798767,24.0,5732,15.1,2799
1776798771,24.0,5732,15.1,2799
1776798781,24.0,5732,15.1,2799
1776798787,24.0,5732,15.1,2799
1776798793,24.0,5732,15.1,2799
1776798809,24.0,5732,15.1,2799
1776798820,24.0,5732,15.1,2799
1776798822,24.0,5732,15.1,2799
1776798827,24.0,5732,15.1,2799
1776798828,24.0,5732,15.1,2799
1776798830,24.0,5732,15.1,2799
1776798832,24.0,5732,15.1,2799
1776798836,24.0,5732,15.1,2799
1776798840,24.0,5732,15.1,2799
1776798841,24.0,5732,15.1,2799
1776798852,24.0,5732,15.1,2799
1776798870,24.0,5732,15.1,2799
1776798924,24.0,5732,15.1,2799
1776798929,24.0,5732,15.1,2799
1776798930,24.0,5732,15.1,2799
1776798932,24.0,5734,15.1,2801
1776798965,24.0,5734,15.1,2802
1776798966,24.0,5734,15.1,2802
1776798969,24.0,5734,15.1,2802
1776798974,24.0,5734,15.1,2802
1776798983,24.0,5734,15.1,2802
1776798990,24.0,5734,15.1,2802
1776798993,24.0,5734,15.1,2803
1776798995,24.0,5734,15.1,2803
1776799035,24.0,5734,15.1,2803
1776799039,24.0,5734,15.1,2803
1776799067,24.0,5734,15.1,2803
1776799069,24.0,5734,15.1,2803
1776799384,24.0,5734,15.1,2803
1776799390,24.0,5734,15.1,2803
1776799473,24.0,5734,15.1,2803
1776799474,24.0,5734,15.1,2803
1776799483,24.0,5734,15.1,2803
1776799484,24.0,5734,15.1,2803
1776799487,24.0,5734,15.1,2803
1776799540,24.0,5734,15.1,2803
1776799543,24.0,5734,15.1,2803
1776799544,24.0,5734,15.1,2803
1776799568,24.0,5734,15.1,2803
1776799572,24.0,5736,15.2,2807
1776799580,24.0,5736,15.2,2807
1776799583,24.0,5736,15.2,2808
1776799588,24.0,5737,15.2,2809
1776799590,24.0,5737,15.2,2809
1776799594,24.0,5737,15.2,2809
1776799598,24.0,5737,15.2,2809
1776799602,24.0,5737,15.2,2809
1776799608,24.0,5737,15.2,2809
1776799612,24.0,5737,15.2,2809
1776799630,24.0,5737,15.2,2809
1776799640,24.0,5737,15.2,2809
1776799646,24.0,5737,15.2,2809
1776799671,24.0,5737,15.2,2809
1776799749,24.0,5737,15.2,2809
1776799752,24.0,5737,15.2,2809
1776799755,24.0,5737,15.2,2809
1776799767,24.0,5737,15.2,2809
1776799855,24.1,5742,15.2,2819
1776799867,24.1,5742,15.2,2819
1776799868,24.1,5742,15.2,2819
1776799870,24.1,5742,15.2,2819
1776799876,24.1,5742,15.2,2819
1776799888,24.1,5742,15.2,2819
1776799929,24.1,5742,15.2,2819
1776800004,24.1,5742,15.2,2819
1776800006,24.1,5742,15.2,2819
1776800008,24.1,5742,15.2,2819
1776800030,24.1,5742,15.2,2819
1776800031,24.1,5742,15.2,2819
1776800033,24.1,5742,15.2,2819
1776800035,24.1,5742,15.2,2819
1776800037,24.1,5742,15.2,2819
1776800039,24.1,5742,15.2,2819
1776800043,24.1,5742,15.2,2819
1776800049,24.1,5742,15.2,2819
1776800054,24.1,5742,15.2,2819
1776800057,24.1,5742,15.2,2819
1776800067,24.1,5742,15.2,2819
1776800080,24.1,5742,15.2,2819
1776800132,24.1,5742,15.2,2819
1776800141,24.1,5742,15.2,2819
1776800142,24.1,5742,15.2,2819
1776800197,24.1,5742,15.2,2819
1776800256,24.1,5742,15.2,2819
1776800257,24.1,5742,15.2,2820
1776800258,24.1,5742,15.2,2820
1776800363,24.1,5742,15.2,2820
1776800383,24.1,5742,15.2,2820
1776800393,24.1,5742,15.2,2820
1776800396,24.1,5742,15.2,2820
1776800401,24.1,5742,15.2,2820
1776800430,24.1,5742,15.2,2820
1776800447,24.1,5742,15.2,2820
1776800488,24.1,5742,15.2,2820
1776800491,24.1,5742,15.2,2820
1776800496,24.1,5755,15.3,2825
1776800497,24.1,5755,15.3,2825
1776800505,24.1,5755,15.3,2825
1776800522,24.1,5755,15.3,2825
1776800527,24.1,5755,15.3,2825
1776800535,24.1,5755,15.3,2825
1776800537,24.1,5755,15.3,2827
1776800559,24.1,5755,15.3,2827
1776800563,24.1,5755,15.3,2827
1776800569,24.1,5755,15.3,2827
1776800573,24.1,5755,15.3,2827
1776800574,24.1,5755,15.3,2827
1776800582,24.1,5755,15.3,2827
1776800586,24.1,5755,15.3,2827
1776800603,24.1,5755,15.3,2827
1776800650,24.1,5755,15.3,2827
1776800656,24.1,5755,15.3,2827
1776800667,24.1,5755,15.3,2827
1776800696,24.1,5764,15.3,2841
1776800710,24.1,5764,15.3,2841
1776800718,24.1,5764,15.3,2841
1776800732,24.2,5768,15.4,2847
1776800789,24.2,5768,15.4,2847
1776800794,24.2,5768,15.4,2847
1776800800,24.2,5768,15.4,2847
1776800808,24.2,5768,15.4,2847
1776800818,24.2,5768,15.4,2847
1776800880,24.2,5768,15.4,2847
1776800925,24.2,5768,15.4,2847
1776800928,24.2,5768,15.4,2847
1776800939,24.2,5768,15.4,2847
1776800973,24.2,5768,15.4,2847
1776800996,24.2,5768,15.4,2847
1776801023,24.2,5768,15.4,2847
1776801056,24.2,5768,15.4,2847
1776801059,24.2,5768,15.4,2847
1776801106,24.2,5768,15.4,2847
1776801107,24.2,5768,15.4,2847
1776801111,24.2,5768,15.4,2847
1776801122,24.2,5768,15.4,2847
1776801142,24.2,5768,15.4,2847
1776801215,24.2,5768,15.4,2847
1776801217,24.2,5768,15.4,2847
1776801232,24.2,5768,15.4,2847
1776801322,24.2,5768,15.4,2847
1776801350,24.2,5768,15.4,2847
1776801353,24.2,5768,15.4,2847
1776801355,24.2,5768,15.4,2847
1776801476,24.2,5768,15.4,2847
1776801491,24.2,5768,15.4,2847
1776801492,24.2,5768,15.4,2847
1776801495,24.2,5768,15.4,2847
1776801496,24.2,5768,15.4,2847
1776801499,24.2,5768,15.4,2847
1776801558,24.2,5768,15.4,2847
1776801585,24.2,5768,15.4,2847
1776801595,24.2,5768,15.4,2847
1776801601,24.2,5768,15.4,2847
1776801641,24.2,5768,15.4,2847
1776801674,24.2,5768,15.4,2847
1776801676,24.2,5768,15.4,2847
1776801677,24.2,5768,15.4,2847
1776801683,24.2,5768,15.4,2847
1776801689,24.2,5768,15.4,2847
1776801690,24.2,5773,15.4,2851
1776801693,24.2,5773,15.4,2851
1776801703,24.2,5773,15.4,2851
1776801711,24.2,5773,15.4,2852
1776801719,24.2,5773,15.4,2853
1776801721,24.2,5773,15.4,2853
1776801733,24.2,5773,15.4,2853
1776801735,24.2,5773,15.4,2853
1776801737,24.2,5773,15.4,2853
1776801746,24.2,5773,15.4,2853
1776801756,24.2,5773,15.4,2853
1776801764,24.2,5773,15.4,2853
1776801767,24.2,5773,15.4,2853
1776801780,24.2,5773,15.4,2853
1776801785,24.2,5773,15.4,2853
1776801791,24.2,5773,15.4,2853
1776801807,24.2,5773,15.4,2853
1776801817,24.2,5773,15.4,2853
1776801820,24.2,5773,15.4,2853
1776802136,24.2,5773,15.4,2853
1776802137,24.2,5773,15.4,2853
1776802210,24.2,5773,15.4,2853
1776802234,24.2,5773,15.4,2853
1776802296,24.2,5773,15.4,2853
1776802376,24.2,5773,15.4,2854
1776802388,24.2,5773,15.4,2854
1776802651,24.2,5773,15.4,2854
1776802665,24.2,5773,15.4,2854
1776803077,24.2,5786,15.5,2863
1776803283,24.2,5786,15.5,2863
1776803285,24.2,5786,15.5,2863
1776803290,24.2,5786,15.5,2863
1776803298,24.2,5786,15.5,2863
1776803321,24.2,5786,15.5,2863
1776803337,24.2,5786,15.5,2863
1776803345,24.2,5786,15.5,2863
1776803370,24.2,5786,15.5,2864
1776803371,24.2,5786,15.5,2864
1776803927,24.2,5786,15.5,2864
1776803928,24.2,5786,15.5,2864
1776803931,24.2,5786,15.5,2864
1776803938,24.2,5786,15.5,2864
1776803957,24.2,5786,15.5,2864
1776804005,24.2,5786,15.5,2864
1776804065,24.2,5786,15.5,2864
1776804260,24.3,5791,15.5,2867
1776804265,24.3,5791,15.5,2867
1776804330,24.3,5791,15.5,2867
1776804353,24.3,5791,15.5,2867
1776804464,24.3,5791,15.5,2867
1776804539,24.3,5791,15.5,2867
1776804583,24.3,5791,15.5,2867
1776804591,24.3,5791,15.5,2867
1776804760,24.3,5791,15.5,2867
1776805247,24.3,5791,15.5,2867
1776805247,24.3,5791,15.5,2867
1776805248,24.3,5791,15.5,2867
1776805257,24.3,5791,15.5,2867
1776805271,24.3,5791,15.5,2867
1776805273,24.3,5791,15.5,2867
1776805280,24.3,5791,15.5,2867
1776805283,24.3,5791,15.5,2867
1776805289,24.3,5791,15.5,2867
1776805296,24.3,5791,15.5,2867
1776805297,24.3,5791,15.5,2867
1776805306,24.3,5800,15.5,2871
1776805307,24.3,5800,15.5,2872
1776805311,24.3,5800,15.5,2872
1776805383,24.3,5800,15.5,2872
1776805388,24.3,5800,15.5,2872
1776805390,24.3,5800,15.5,2872
1776805513,24.3,5800,15.5,2872
1776805515,24.3,5800,15.5,2872
1776805517,24.3,5800,15.5,2872
1776805525,24.3,5800,15.5,2872
1776805547,24.3,5800,15.5,2872
1776805572,24.3,5800,15.5,2872
1776805609,24.3,5800,15.5,2872
1776805903,24.3,5800,15.5,2872
1776805906,24.3,5800,15.5,2872
1776805908,24.3,5800,15.5,2872
1776805911,24.3,5800,15.5,2872
1776805913,24.3,5800,15.5,2872
1776806041,24.3,5800,15.5,2872
1776806099,24.3,5800,15.5,2872
1776806104,24.3,5800,15.5,2872
1776806111,24.3,5800,15.5,2872
1776806119,24.3,5800,15.5,2872
1776806280,24.3,5800,15.5,2872
1776806399,24.3,5800,15.5,2872
1776806536,24.3,5800,15.5,2872
1776806538,24.3,5800,15.5,2872
1776806601,24.3,5800,15.5,2873
1776806613,24.3,5800,15.5,2873
1776806623,24.3,5800,15.5,2873
1776806624,24.3,5800,15.5,2873
1776806716,24.3,5800,15.5,2875
1776806717,24.3,5800,15.5,2875
1776806727,24.3,5800,15.5,2875
1776806747,24.3,5800,15.5,2875
1776806786,24.3,5800,15.5,2875
1776806789,24.3,5800,15.5,2875
1776806904,24.3,5800,15.5,2875
1776806961,24.3,5800,15.5,2875
1776807198,24.3,5800,15.5,2875
1776807228,24.3,5800,15.5,2875
1776807229,24.3,5800,15.5,2875
1776807250,24.3,5800,15.5,2875
1776807258,24.3,5800,15.5,2875
1776807338,24.3,5800,15.5,2875
1776807655,24.3,5800,15.5,2875
1776807662,24.3,5800,15.5,2875
1776807712,24.3,5800,15.5,2875
1776807748,24.3,5800,15.5,2875
1776807754,24.3,5800,15.5,2875
1776807778,24.3,5800,15.5,2875
1776807827,24.3,5800,15.5,2875
1776807915,24.3,5800,15.5,2875
1776808316,24.3,5800,15.5,2875
1776809460,24.3,5800,15.5,2875
1776809596,24.3,5800,15.5,2875
1776809639,24.3,5800,15.5,2875
1776809715,24.3,5800,15.5,2875
1776809934,24.3,5800,15.5,2875
1776810133,24.3,5800,15.5,2875
1776810181,24.3,5800,15.5,2875
1776810368,24.3,5800,15.5,2875
1776810665,24.3,5800,15.5,2875
1776811275,24.3,5800,15.5,2875
1776811283,24.3,5800,15.5,2875
1776811286,24.3,5801,15.5,2878
1776811293,24.3,5801,15.5,2878
1776811408,24.3,5801,15.5,2878
1776811435,24.3,5801,15.5,2878
1776811438,24.3,5801,15.5,2878
1776811509,24.3,5801,15.5,2878
1776811510,24.3,5801,15.5,2878
1776811520,24.3,5801,15.5,2878
1776811530,24.3,5801,15.5,2878
1776812218,24.3,5801,15.5,2878
1776812221,24.3,5801,15.5,2878
1776812276,24.3,5801,15.5,2878
1776812361,24.3,5802,15.6,2881
1776812715,24.3,5802,15.6,2881
1776812723,24.3,5802,15.6,2881
1776812756,24.3,5802,15.6,2881
1776812951,24.3,5802,15.6,2881
1776813702,24.3,5802,15.6,2881
1776814141,24.3,5802,15.6,2881
1776814145,24.3,5805,15.6,2883
1776814172,24.4,5835,15.6,2887
1776814204,24.4,5835,15.6,2887
1776814206,24.4,5835,15.6,2887
1776814225,24.4,5835,15.6,2888
1776814227,24.4,5835,15.6,2888
1776814237,24.4,5835,15.6,2888
1776814788,24.4,5835,15.6,2888
1776815020,24.4,5835,15.6,2888
1776815472,24.4,5835,15.6,2888
1776815496,24.4,5835,15.6,2888
1776815498,24.4,5835,15.6,2888
1776815504,24.4,5835,15.6,2888
1776815529,24.4,5835,15.6,2888
1776815645,24.4,5835,15.6,2888
1776815677,24.4,5835,15.6,2888
1776815914,24.4,5835,15.6,2888
1776815997,24.4,5835,15.6,2888
1776815999,24.4,5835,15.6,2888
1776816104,24.4,5835,15.6,2892
1776816559,24.4,5835,15.6,2892
1776816625,24.4,5835,15.6,2892
1776816929,24.4,5835,15.6,2892
1776817005,24.4,5835,15.6,2892
1776817008,24.4,5836,15.6,2893
1776817022,24.4,5836,15.6,2893
1776817357,24.4,5836,15.6,2893
1776817396,24.4,5836,15.6,2893
1776817436,24.4,5836,15.6,2893
1776817441,24.5,5843,15.6,2896
1776817445,24.5,5843,15.6,2896
1776817447,24.5,5843,15.6,2896
1776817470,24.5,5843,15.6,2896
1776817636,24.5,5843,15.6,2896
1776817648,24.5,5843,15.6,2896
1776818012,24.5,5843,15.6,2897
1776818066,24.5,5843,15.6,2897
1776818102,24.5,5843,15.6,2897
1776818365,24.5,5843,15.6,2897
1776818846,24.5,5843,15.6,2897
1776818849,24.5,5843,15.6,2897
1776819350,24.5,5843,15.6,2897
1776819352,24.5,5843,15.6,2897
1776819532,24.5,5843,15.6,2897
1776819580,24.5,5843,15.6,2897
1776819595,24.5,5843,15.6,2897
1776819662,24.5,5843,15.6,2897
1776820145,24.5,5843,15.6,2897
1776820445,24.5,5843,15.6,2897
1776820826,24.5,5843,15.6,2897
1776820828,24.5,5843,15.6,2897
1776820852,24.5,5843,15.6,2897
1776820879,24.5,5843,15.6,2898
1776821075,24.5,5843,15.6,2898
1776821086,24.5,5843,15.6,2898
1776821705,24.5,5843,15.6,2898
1776821722,24.5,5843,15.6,2898
1776821851,24.5,5843,15.6,2898
1776822083,24.5,5843,15.6,2898
1776822259,24.5,5843,15.6,2898
1776822670,24.5,5843,15.6,2898
1776822714,24.5,5843,15.6,2898
1776822929,24.5,5843,15.6,2898
1776823050,24.5,5843,15.6,2898
1776823456,24.5,5843,15.6,2898
